ID,Name,Street,Zipcode,City,Country,Email
1,John Doe,123 Main St,10001,New York,USA,johndoe@email.com
2,Jane Doe,456 Elm St,10002,New York,USA,janedoe@email.com
3,Michael Smith,789 Park Ave,10003,New York,USA,michaelsmith@email.com
4,Emily Johnson,246 5th Ave,10004,New York,USA,emilyjohnson@email.com
5,William Brown,135 6th St,10005,New York,USA,williambrown@email.com
6,David Davis,678 7th Ave,10006,New York,USA,daviddavis@email.com
7,Jessica Wilson,901 8th St,10007,New York,USA,jessicawilson@email.com
8,Robert Martinez,112 9th Ave,10008,New York,USA,robertmartinez@email.com
9,Sarah Anderson,211 10th St,10009,New York,USA,sarahanderson@email.com
10,Michael Thompson,321 11th Ave,10010,New York,USA,michaelthompson@email.com
11,Emily Davis,1234 12th St,10011,New York,USA,emilydavis@email.com
12,William Baker,2345 13th Ave,10012,New York,USA,williambaker@email.com
13,Daniel Anderson,3456 14th St,10013,New York,USA,danielanderson@email.com
14,Elizabeth Martinez,4567 15th Ave,10014,New York,USA,elizabethmartinez@email.com
15,Sarah Lewis,5678 16th St,10015,New York,USA,sarahlewis@email.com
16,William Jackson,6789 17th Ave,10016,New York,USA,williamjackson@email.com
17,Emily Wilson,7890 18th St,10017,New York,USA,emilywilson@email.com
18,David Johnson,8901 19th Ave,10018,New York,USA,davidjohnson@email.com
19,Jessica Smith,9012 20th St,10019,New York,USA,jessicasmith@email.com
20,Robert Doe,0123 21st Ave,10020,New York,USA,robertdoe@email.com
21,Sarah Brown,1234 22nd St,10021,New York,USA,sarahbrown@email.com
22,Michael Davis,2345 23rd Ave,10022,New York,USA,michaeldavis@email.com
23,Emily Martinez,3456 24th St,10023,New York,USA,emilymartinez@email.com
24,William Wilson,4567 25th Ave,10024,New York,USA,williamwilson@email.com
25,David Lewis,5678 26th St,10025,New York,USA,davidlewis@email.com
27th Ave,10026,New York,USA,jessicajohnson@email.com
28,Robert Smith,7890 28th St,10027,New York,USA,robertsmith@email.com
29,Sarah Doe,8901 29th Ave,10028,New York,USA,sarahdoe@email.com
30,Michael Brown,9012 30th St,10029,New York,USA,michaelbrown@email.com
31,Emily Davis,0123 31st Ave,10030,New York,USA,emilydavis@email.com
32,William Martinez,1234 32nd St,10031,New York,USA,williammartinez@email.com
33,David Wilson,2345 33rd Ave,10032,New York,USA,davidwilson@email.com
34,Jessica Lewis,3456 34th St,10033,New York,USA,jessicalewis@email.com
35,Robert Johnson,4567 35th Ave,10034,New York,USA,robertjohnson@email.com
36,Sarah Smith,5678 36th St,10035,New York,USA,sarahsmith@email.com
37,Michael Doe,6789 37th Ave,10036,New York,USA,michaeldoe@email.com
38,Emily Brown,7890 38th St,10037,New York,USA,emilybrown@email.com
39,William Davis,8901 39th Ave,10038,New York,USA,williamdavis@email.com
40,David Martinez,9012 40th St,10039,New York,USA,davidmartinez@email.com
41,Jessica Wilson,0123 41st Ave,10040,New York,USA,jessicawilson@email.com
42,Robert Lewis,1234 42nd St,10041,New York,USA,robertlewis@email.com
43,Sarah Johnson,2345 43rd Ave,10042,New York,USA,sarahjohnson@email.com
44,Michael Smith,3456 44th St,10043,New York,USA,michaelsmith@email.com
45,Emily Doe,4567 45th Ave,10044,New York,USA,emilydoe@email.com
46,William Brown,5678 46th St,10045,New York,USA,williambrown@email.com
47,David Davis,6789 47th Ave,10046,New York,USA,daviddavis@email.com
48,Jessica Martinez,7890 48th St,10047,New York,USA,jessicamartinez@email.com
49,Robert Wilson,8901 49th Ave,10048,New York,USA,robertwilson@email.com
50,Sarah Lewis,9012 50th St,10049,New York,USA,sarahlewis@email.com
51,Michael Johnson,0123 51st Ave,10050,New York,USA,michaeljohnson@email.com
52,Emily Smith,1234 52nd St,10051,New York,USA,emilysmith@email.com
53,William Doe,2345 53rd Ave,10052,New York,USA,williamdoe@email.com
55,Jessica Davis,4567 55th Ave,10054,New York,USA,jessicadavis@email.com
56,Robert Martinez,5678 56th St,10055,New York,USA,robertmartinez@email.com
57,Sarah Wilson,6789 57th Ave,10056,New York,USA,sarahwilson@email.com
58,Michael Lewis,7890 58th St,10057,New York,USA,michaellewis@email.com
59,Emily Johnson,8901 59th Ave,10058,New York,USA,emilyjohnson@email.com
60,William Smith,9012 60th St,10059,New York,USA,williamsmith@email.com
61,David Doe,0123 61st Ave,10060,New York,USA,daviddoe@email.com
62,Jessica Brown,1234 62nd St,10061,New York,USA,jessicabrown@email.com
63,Robert Davis,2345 63rd Ave,10062,New York,USA,robertdavis@email.com
64,Sarah Martinez,3456 64th St,10063,New York,USA,sarahmartinez@email.com
65,Michael Wilson,4567 65th Ave,10064,New York,USA,michaelwilson@email.com
66,Emily Lewis,5678 66th St,10065,New York,USA,emilewis@email.com
67,William Johnson,6789 67th Ave,10066,New York,USA,williamjohnson@email.com
68,David Smith,7890 68th St,10067,New York,USA,davidsmith@email.com
69,Jessica Doe,8901 69th Ave,10068,New York,USA,jessicadoe@email.com
70,Robert Brown,9012 70th St,10069,New York,USA,robertbrown@email.com
71,Sarah Davis,0123 71st Ave,10070,New York,USA,sarahdavis@email.com
72,Michael Martinez,1234 72nd St,10071,New York,USA,michaelmartinez@email.com
73,Emily Wilson,2345 73rd Ave,10072,New York,USA,emilywilson@email.com
74,William Lewis,3456 74th St,10073,New York,USA,williamlewis@email.com
75,David Johnson,4567 75th Ave,10074,New York,USA,davidjohnson@email.com
76,Jessica Smith,5678 76th St,10075,New York,USA,jessicsmith@email.com
77,Robert Doe,6789 77th Ave,10076,New York,USA,robertdoe@email.com
78,Sarah Brown,7890 78th St,10077,New York,USA,sarahbrown@email.com
79,Michael Davis,8901 79th Ave,10078,New York,USA,michaeldavis@email.com
80,Emily Martinez,9012 80th St,10079,New York,USA,emilymartinez@email.com
